Project Title,Project Type,Planned Budget ($),Actual Budget ($),Planned Schedule (Weeks),Actual Schedule (Weeks),Planned Scope (Story Points),Actual Scope (Story Points),Project Manager Title,Project Manager Skill Level,Leadership Support,Team Collaboration Level,Stakeholder Engagement,Work-Life Balance (hrs/week),Psychological Safety Score,Resource Availability,Turnover Rate (%),Development Methodology,DevOps Adoption,Automated Testing Coverage (%),CI/CD Pipeline Usage,Code Review Process,Technical Debt Level,Cloud-Based Development,Security Practices,Team Size,Average Experience Level,Senior to Junior(5),Expected Sprint Completion Rate (%),Task Completion Rate (%),Expected Velocity (Story Points per Sprint),Estimated Cycle Time (Days per Task),Defect Rate (Bugs per KLOC),Number of Dependencies Blocked,Project Info Score,Environment Score,Technical Score,Stability Score,Productivity Score,Resource Utilization Score,Risk Score,Total Score,Project Success
Project_1,Embedded System,303511,303423,21,19,250,251,Project Manager,1,Medium,3,Strong,50,4,Insufficient,9.98,Waterfall,Yes,75,Yes,Formal,High,Yes,Advanced,11,Mid,2,91,96,20,4,1.67,0,6.33,5.72,7.81,8.33,6.86,6.87,2.66,7.0,1
Project_2,AI/ML Project,275510,258346,29,33,361,361,Project Manager,1,Low,8,Strong,50,2,Insufficient,0.57,Kanban,Yes,63,Yes,Formal,Low,Yes,Intermediate,10,Junior,3,90,100,60,6,1.15,1,4.33,6.39,8.91,8.0,8.2,6.09,2.73,6.72,1
Project_3,Data Analytics,336268,334817,27,31,217,202,Project Manager,3,High,9,Strong,35,5,Insufficient,0.24,Agile,Yes,94,Yes,Formal,Low,Yes,Basic,17,Mid,3,85,98,60,4,2.83,0,6.26,8.13,9.3,8.0,7.81,7.13,3.28,7.48,1
Project_4,Web/Mobile App,290298,314109,20,24,152,139,Technical Lead,1,Low,5,Moderate,40,8,Limited,11.14,Scrum,Yes,73,Yes,Ad Hoc,Medium,Yes,Advanced,11,Junior,3,91,95,60,9,3.19,0,3.48,6.49,8.41,8.0,6.93,5.34,6.37,5.62,0
Project_5,Data Analytics,388679,402771,11,14,153,138,Technical Lead,2,Low,5,Strong,50,7,Adequate,1.99,Scrum,Yes,65,Yes,Ad Hoc,Low,Yes,Intermediate,20,Mid,3,90,80,50,8,4.03,1,5.02,7.43,8.56,8.0,6.08,6.2,4.6,6.58,1
Project_6,Data Analytics,397494,391764,32,32,253,270,Technical Lead,2,Low,5,Weak,35,7,Limited,1.9,Scrum,Yes,95,Yes,Formal,Low,Yes,Intermediate,20,Junior,1,84,84,30,5,3.54,0,8.97,6.44,9.56,5.33,6.05,8.68,3.1,7.83,1
Project_7,AI/ML Project,468336,454568,40,44,331,318,Scrum Master,5,Low,9,Moderate,35,3,Adequate,12.21,Agile,Yes,67,Yes,Ad Hoc,Low,Yes,Intermediate,13,Senior,0,96,93,50,7,1.93,1,6.0,6.56,8.59,6.67,7.16,6.35,4.74,6.48,1
Project_8,Business System,449314,461504,8,13,299,300,Scrum Master,3,Low,1,Moderate,40,5,Insufficient,6.47,Waterfall,Yes,85,Yes,Formal,Low,Yes,Basic,20,Senior,3,90,94,30,2,3.02,1,5.79,5.4,8.56,9.0,6.48,6.29,5.25,6.39,1
Project_9,AI/ML Project,440393,451491,38,38,203,197,Project Manager,1,Low,9,Weak,35,2,Limited,0.46,Waterfall,Yes,70,Yes,Formal,Medium,Yes,Advanced,3,Mid,0,96,99,50,6,0.86,3,8.36,6.4,8.38,4.67,7.36,8.33,1.97,7.63,1
Project_10,AI/ML Project,233383,228648,35,36,357,357,Project Manager,1,Low,10,Moderate,50,8,Adequate,7.81,Scrum,Yes,93,Yes,Ad Hoc,Low,Yes,Basic,20,Junior,3,99,82,20,6,2.14,3,7.73,7.44,8.66,7.0,5.16,7.58,3.97,7.38,1
Project_11,Data Analytics,464230,471362,13,13,495,511,Project Manager,3,Medium,7,Weak,35,5,Adequate,5.16,Scrum,Yes,78,Yes,Formal,Low,Yes,Basic,7,Mid,3,94,80,20,5,2.24,0,9.14,7.06,9.1,9.0,6.16,8.78,2.9,8.31,1
Project_12,Business System,109367,109437,19,18,186,169,Scrum Master,3,Medium,6,Strong,40,10,Limited,7.87,Agile,Yes,87,Yes,Ad Hoc,Medium,Yes,Advanced,8,Senior,3,90,88,60,5,3.41,0,7.73,8.01,8.59,10.0,7.47,8.15,2.99,8.09,1
Project_13,Business System,325073,346727,23,26,224,247,Project Manager,3,Medium,5,Weak,40,4,Limited,4.61,Agile,Yes,73,Yes,Formal,Low,Yes,Intermediate,7,Mid,1,84,86,20,7,3.31,3,4.6,6.38,9.29,7.33,4.33,5.2,7.88,5.5,0
Project_14,AI/ML Project,355584,343444,15,15,255,263,Scrum Master,3,Medium,6,Moderate,35,7,Limited,9.76,Agile,Yes,80,Yes,Ad Hoc,Low,Yes,Advanced,16,Junior,1,94,100,30,9,1.82,2,8.58,6.87,9.12,5.33,5.81,7.82,3.83,7.41,1
Project_15,Data Analytics,89858,103485,26,30,136,128,Project Manager,5,Low,2,Weak,35,6,Adequate,11.73,Kanban,Yes,87,Yes,Formal,High,Yes,Basic,14,Senior,1,97,82,20,2,4.31,2,3.82,5.59,7.71,7.33,5.65,4.63,7.33,4.99,0
Project_16,Embedded System,149349,171818,11,16,175,197,Project Manager,4,Low,10,Weak,50,6,Limited,12.86,Agile,Yes,69,Yes,Formal,Medium,Yes,Intermediate,4,Junior,3,89,96,30,8,1.03,0,3.8,5.94,8.61,6.0,6.93,4.48,7.24,5.02,0
Project_17,Data Analytics,342698,357991,37,36,251,274,Scrum Master,1,High,6,Strong,35,2,Insufficient,8.58,Waterfall,Yes,60,Yes,Formal,Medium,Yes,Basic,13,Mid,3,99,80,30,6,1.83,1,7.05,6.67,7.62,8.0,6.38,7.12,5.05,6.77,1
Project_18,AI/ML Project,227379,248882,30,33,444,461,Technical Lead,4,High,5,Moderate,35,6,Limited,12.57,Kanban,Yes,90,Yes,Formal,High,Yes,Intermediate,20,Junior,0,85,92,30,5,4.97,3,3.96,6.82,8.0,4.67,5.2,4.55,8.21,4.78,0
Project_19,Web/Mobile App,199037,204764,20,21,254,272,Technical Lead,2,Medium,1,Weak,35,2,Adequate,7.47,Waterfall,Yes,77,Yes,Formal,Low,Yes,Basic,20,Senior,2,92,85,50,6,4.56,0,7.04,5.61,8.46,8.33,6.87,7.65,5.41,6.83,1
Project_20,Business System,373462,397154,39,42,357,361,Technical Lead,5,Medium,1,Strong,50,10,Adequate,6.56,Waterfall,Yes,66,Yes,Ad Hoc,Medium,Yes,Advanced,7,Senior,2,83,96,50,4,2.26,0,5.79,7.39,7.7,9.33,7.65,6.7,4.87,6.77,1
Project_21,Embedded System,224541,249562,18,18,211,230,Project Manager,2,High,1,Moderate,35,9,Adequate,8.65,Kanban,Yes,94,Yes,Ad Hoc,Low,Yes,Intermediate,13,Junior,3,85,86,20,3,0.76,1,6.4,7.38,8.68,7.0,6.93,6.84,5.36,6.71,1
Project_22,Web/Mobile App,211644,193285,10,9,328,327,Technical Lead,5,Medium,8,Moderate,50,9,Limited,3.22,Scrum,Yes,76,Yes,Formal,Medium,Yes,Intermediate,19,Junior,2,95,81,20,3,1.46,1,4.39,7.63,8.7,6.33,6.62,5.11,1.68,6.68,1
Project_23,Embedded System,230917,230072,28,31,346,326,Scrum Master,2,High,4,Weak,40,1,Limited,7.51,Kanban,Yes,82,Yes,Formal,Medium,Yes,Advanced,14,Senior,3,100,81,30,9,3.7,1,6.12,6.03,8.9,9.0,5.27,6.4,4.92,6.67,1
Project_24,AI/ML Project,228937,235600,10,11,478,485,Technical Lead,5,High,3,Strong,50,6,Insufficient,9.4,Waterfall,Yes,86,Yes,Formal,High,Yes,Basic,7,Mid,3,89,83,60,6,3.21,0,6.13,6.47,7.33,9.0,7.2,6.54,5.63,6.4,1
Project_25,Web/Mobile App,66811,59095,21,19,180,184,Project Manager,2,Medium,5,Weak,40,4,Insufficient,14.21,Waterfall,Yes,64,Yes,Formal,Low,Yes,Basic,13,Mid,1,88,98,20,3,1.55,1,3.54,5.27,8.3,6.33,6.74,4.57,3.23,5.7,0
Project_26,Data Analytics,120178,136761,21,20,335,329,Technical Lead,5,High,1,Weak,35,10,Adequate,0.98,Agile,Yes,92,Yes,Ad Hoc,Medium,Yes,Intermediate,10,Senior,3,80,87,50,10,1.46,2,5.52,7.64,8.28,10.0,6.22,6.1,3.31,7.08,1
Project_27,AI/ML Project,164027,171361,33,33,462,460,Scrum Master,3,High,6,Weak,40,4,Insufficient,10.6,Agile,Yes,95,Yes,Ad Hoc,High,Yes,Intermediate,7,Senior,0,85,95,20,10,1.85,3,8.25,6.1,7.69,7.67,4.64,7.23,4.44,6.99,1
Project_28,Web/Mobile App,487123,490372,12,14,290,291,Project Manager,2,High,9,Moderate,35,4,Adequate,6.84,Scrum,Yes,96,Yes,Formal,High,Yes,Advanced,11,Senior,0,83,85,30,3,2.01,0,6.2,7.94,8.7,7.67,6.93,7.11,4.09,7.15,1
Project_29,AI/ML Project,494639,487852,16,15,308,295,Scrum Master,3,Medium,1,Strong,50,10,Limited,12.15,Scrum,Yes,67,Yes,Formal,Medium,Yes,Intermediate,5,Junior,3,93,96,60,5,3.74,2,7.19,6.56,8.59,8.0,6.98,7.53,4.0,7.23,1
Project_30,AI/ML Project,292628,283268,24,22,119,143,Technical Lead,3,Medium,2,Weak,35,10,Insufficient,5.23,Scrum,Yes,79,Yes,Ad Hoc,High,Yes,Intermediate,16,Junior,0,89,96,20,4,1.27,3,6.14,6.2,7.49,4.67,6.05,6.14,4.24,6.13,1
Project_31,Embedded System,260533,247341,30,33,159,146,Scrum Master,2,Low,3,Weak,40,10,Adequate,3.18,Kanban,Yes,92,Yes,Formal,Low,Yes,Basic,11,Junior,0,89,97,20,4,2.68,2,4.64,7.06,9.03,5.67,5.61,5.87,4.35,6.27,1
Project_32,Data Analytics,127887,157337,31,34,486,477,Project Manager,3,Low,6,Strong,35,1,Insufficient,10.36,Agile,Yes,97,Yes,Formal,High,Yes,Basic,13,Mid,3,92,86,20,5,3.79,1,3.64,5.55,8.09,8.0,5.47,4.46,6.95,5.12,0
Project_33,Web/Mobile App,243445,225915,31,29,298,317,Scrum Master,1,High,5,Strong,40,4,Adequate,7.77,Waterfall,Yes,85,Yes,Ad Hoc,Medium,Yes,Intermediate,5,Junior,1,91,97,60,7,2.58,3,5.1,7.87,7.56,6.33,6.53,6.47,4.79,6.37,1
Project_34,Web/Mobile App,307311,315587,20,25,164,183,Technical Lead,1,High,8,Moderate,35,6,Limited,7.81,Agile,Yes,64,Yes,Formal,Medium,Yes,Advanced,20,Senior,0,84,81,30,4,4.13,1,5.39,7.58,8.93,6.67,5.83,6.22,7.08,6.09,1
Project_35,AI/ML Project,257476,248590,40,38,161,161,Project Manager,2,Low,5,Moderate,40,7,Insufficient,1.21,Scrum,Yes,73,Yes,Formal,Low,Yes,Intermediate,8,Senior,1,100,93,20,10,1.92,1,6.86,6.63,9.29,8.33,5.48,6.94,1.6,7.66,1
Project_36,Data Analytics,101848,101874,31,33,371,374,Scrum Master,2,Low,7,Strong,40,9,Adequate,8.59,Scrum,Yes,94,Yes,Ad Hoc,Medium,Yes,Advanced,15,Mid,3,97,94,30,8,3.9,2,7.46,7.96,8.68,8.0,5.27,7.42,4.98,7.27,1
Project_37,Business System,109483,127735,12,10,207,211,Scrum Master,5,Medium,2,Moderate,35,8,Adequate,9.16,Waterfall,Yes,81,Yes,Formal,Medium,Yes,Advanced,20,Senior,0,99,87,50,6,3.63,1,4.0,6.92,8.51,6.67,6.68,5.13,5.52,5.76,0
Project_38,AI/ML Project,205826,220311,17,15,329,341,Project Manager,5,Medium,10,Moderate,40,6,Adequate,12.01,Waterfall,Yes,71,Yes,Formal,Low,Yes,Advanced,17,Junior,0,88,99,50,9,3.56,2,4.89,7.71,9.01,4.67,5.87,5.4,5.78,5.9,0
Project_39,Embedded System,357801,354015,23,23,454,434,Project Manager,3,Low,7,Strong,35,8,Adequate,12.63,Waterfall,Yes,67,Yes,Ad Hoc,Low,Yes,Intermediate,9,Junior,3,83,84,30,10,0.82,0,9.15,7.38,7.96,8.0,6.41,8.44,2.12,8.16,1
Project_40,Business System,194202,216693,9,8,356,359,Technical Lead,2,Low,6,Strong,40,1,Insufficient,2.73,Kanban,Yes,92,Yes,Ad Hoc,Medium,Yes,Intermediate,19,Senior,1,86,81,50,3,3.72,3,3.4,6.23,8.03,7.33,6.2,4.84,4.93,5.61,0
Project_41,Data Analytics,421225,422501,17,20,105,117,Project Manager,4,High,8,Strong,35,9,Limited,0.52,Waterfall,Yes,84,Yes,Ad Hoc,Medium,Yes,Basic,17,Senior,0,87,83,50,9,4.15,3,6.71,8.96,7.3,6.67,5.25,6.7,6.14,6.56,1
Project_42,Business System,185419,172872,19,17,488,515,Scrum Master,2,High,8,Strong,40,4,Limited,11.45,Waterfall,Yes,78,Yes,Ad Hoc,High,Yes,Intermediate,11,Senior,0,99,96,60,6,3.67,0,4.37,7.61,6.85,7.67,7.58,5.99,4.26,6.24,1
Project_43,Business System,426079,406693,13,12,351,374,Technical Lead,2,High,6,Strong,35,8,Adequate,8.83,Agile,Yes,100,Yes,Formal,Low,Yes,Basic,9,Mid,0,93,99,20,3,1.0,3,5.73,8.37,9.38,6.67,6.48,6.44,4.12,6.97,1
Project_44,Web/Mobile App,299739,324266,32,37,485,487,Technical Lead,4,Low,6,Moderate,35,8,Limited,9.93,Waterfall,Yes,84,Yes,Ad Hoc,High,Yes,Intermediate,11,Mid,2,85,87,50,7,2.69,3,4.35,6.58,6.92,8.33,5.79,5.15,7.25,5.35,0
Project_45,Embedded System,211730,192868,33,31,483,472,Project Manager,1,Low,9,Weak,50,6,Limited,5.28,Agile,Yes,73,Yes,Formal,Low,Yes,Intermediate,18,Mid,2,95,81,20,8,2.43,0,4.64,6.34,9.29,7.33,5.58,5.61,2.23,6.73,1
Project_46,Web/Mobile App,235967,233428,19,17,111,139,Project Manager,5,High,9,Weak,50,2,Insufficient,4.64,Kanban,Yes,88,Yes,Ad Hoc,Medium,Yes,Basic,9,Senior,0,81,94,20,3,4.22,0,6.68,6.24,7.72,7.67,6.08,6.69,4.11,6.71,1
Project_47,Data Analytics,368332,394161,16,20,147,153,Scrum Master,3,Medium,9,Strong,50,10,Insufficient,13.74,Waterfall,Yes,80,Yes,Formal,Low,Yes,Basic,14,Junior,3,88,88,20,9,2.86,3,4.5,7.16,8.5,7.0,4.18,4.53,7.77,5.3,0
Project_48,AI/ML Project,384223,374104,19,19,426,409,Scrum Master,2,Low,2,Strong,35,3,Adequate,0.77,Scrum,Yes,76,Yes,Ad Hoc,Low,Yes,Intermediate,18,Senior,2,97,86,30,7,3.28,0,8.49,6.8,8.7,8.33,5.97,8.51,1.79,8.2,1
Project_49,Data Analytics,464642,489471,40,41,313,319,Project Manager,3,Low,1,Weak,40,7,Adequate,7.41,Waterfall,Yes,88,Yes,Formal,High,Yes,Intermediate,11,Junior,2,100,89,30,2,4.9,3,7.25,6.04,7.6,7.33,5.9,7.52,5.53,6.64,1
Project_50,Web/Mobile App,327092,337928,37,40,134,133,Scrum Master,3,High,9,Weak,40,2,Insufficient,8.04,Kanban,Yes,77,Yes,Ad Hoc,Low,Yes,Basic,7,Senior,3,100,98,20,9,4.46,0,6.15,6.43,8.21,10.0,5.47,6.34,4.91,6.72,1
Project_51,AI/ML Project,339564,334596,9,10,168,158,Technical Lead,1,High,7,Weak,50,7,Limited,12.12,Scrum,Yes,83,Yes,Ad Hoc,High,Yes,Basic,16,Mid,0,97,98,30,4,0.69,0,5.58,6.56,7.29,5.67,7.95,6.49,3.72,6.36,1
Project_52,AI/ML Project,389577,408019,30,29,259,253,Project Manager,1,High,3,Strong,40,8,Insufficient,11.42,Waterfall,Yes,69,Yes,Ad Hoc,Medium,Yes,Basic,14,Senior,2,93,90,20,3,1.29,2,6.71,7.04,7.11,8.33,6.5,6.77,3.84,6.89,1
Project_53,Embedded System,195419,175460,16,18,232,251,Technical Lead,5,Medium,2,Strong,40,9,Insufficient,1.77,Agile,Yes,88,Yes,Formal,Low,Yes,Advanced,9,Mid,2,88,91,60,6,4.31,3,4.0,7.3,9.85,8.33,6.32,5.05,5.99,6.07,1
Project_54,Business System,281318,268219,37,37,208,231,Scrum Master,4,Medium,3,Weak,40,9,Adequate,3.81,Scrum,Yes,95,Yes,Formal,High,Yes,Advanced,11,Junior,2,96,95,50,3,0.7,3,8.4,7.3,8.69,7.33,7.88,8.45,3.69,7.77,1
Project_55,Business System,347317,359480,12,16,177,162,Project Manager,1,Medium,5,Strong,50,2,Adequate,2.82,Agile,Yes,97,Yes,Ad Hoc,Medium,Yes,Advanced,19,Senior,3,96,83,50,3,3.69,3,4.9,7.08,8.71,9.0,6.4,6.33,5.39,6.51,1
Project_56,Web/Mobile App,117259,103014,9,7,279,281,Project Manager,3,Low,3,Strong,50,8,Insufficient,10.99,Waterfall,Yes,67,Yes,Ad Hoc,Medium,Yes,Basic,17,Junior,2,95,91,50,2,2.56,1,3.6,5.79,7.09,6.33,7.6,4.98,3.54,5.64,0
Project_57,Business System,203670,224009,10,14,461,470,Scrum Master,5,Medium,4,Weak,35,4,Insufficient,13.14,Kanban,Yes,92,Yes,Formal,Low,Yes,Advanced,6,Mid,2,99,86,20,4,1.01,2,4.0,5.06,9.65,8.33,6.52,4.5,6.55,5.45,0
Project_58,Data Analytics,249056,243387,33,34,472,475,Technical Lead,3,Medium,5,Weak,50,9,Insufficient,0.66,Kanban,Yes,91,Yes,Ad Hoc,Low,Yes,Intermediate,5,Senior,3,81,86,20,8,4.93,3,8.01,6.52,8.64,10.0,4.12,7.36,3.39,7.64,1
Project_59,Embedded System,104689,87227,18,22,398,424,Technical Lead,4,High,3,Strong,50,9,Insufficient,12.29,Scrum,Yes,88,Yes,Ad Hoc,High,Yes,Intermediate,5,Junior,3,93,97,50,5,1.22,3,3.8,6.69,7.6,8.0,7.24,4.77,6.1,5.49,0
Project_60,Data Analytics,224329,233936,28,33,142,123,Technical Lead,4,Low,3,Moderate,35,5,Adequate,10.26,Agile,Yes,96,Yes,Formal,Low,Yes,Advanced,8,Junior,1,90,82,20,4,4.22,1,5.11,6.12,9.95,6.33,5.53,5.78,6.05,6.04,1
Project_61,Business System,251859,276322,34,34,342,348,Project Manager,4,High,10,Weak,50,5,Adequate,14.04,Kanban,Yes,92,Yes,Ad Hoc,High,Yes,Basic,13,Senior,3,90,83,20,7,1.78,1,6.89,7.0,7.15,9.0,5.73,6.57,4.9,6.72,1
Project_62,Business System,110265,136558,20,22,239,257,Project Manager,1,Low,4,Weak,35,8,Insufficient,14.68,Scrum,Yes,62,Yes,Formal,Low,Yes,Basic,3,Junior,3,80,81,20,6,2.56,1,3.2,5.09,8.9,6.0,5.26,4.04,8.01,4.59,0
Project_63,Embedded System,447247,475829,8,13,447,429,Project Manager,5,Low,10,Moderate,40,7,Limited,8.78,Scrum,Yes,94,Yes,Formal,High,Yes,Advanced,13,Mid,2,90,93,20,9,0.61,2,4.96,7.23,8.68,7.33,5.88,4.99,5.2,6.07,1
Project_64,Embedded System,381718,407425,19,18,190,202,Scrum Master,3,Low,3,Strong,35,6,Insufficient,7.19,Waterfall,Yes,85,Yes,Ad Hoc,Medium,Yes,Advanced,4,Junior,3,90,93,30,6,1.51,2,6.0,6.06,7.94,6.0,6.3,5.96,4.88,6.11,1
Project_65,Data Analytics,163336,145783,9,14,174,154,Project Manager,2,Low,2,Strong,50,8,Limited,8.33,Scrum,Yes,63,Yes,Formal,Low,Yes,Intermediate,20,Junior,3,90,87,50,7,2.65,3,3.06,6.26,9.16,7.0,5.9,4.47,5.53,5.48,0
Project_66,Data Analytics,449664,445843,24,22,187,179,Project Manager,4,Medium,8,Weak,40,2,Adequate,0.07,Waterfall,Yes,80,Yes,Formal,Medium,Yes,Intermediate,19,Mid,0,80,86,50,2,3.96,3,6.92,7.28,8.12,5.67,6.35,7.33,2.68,7.21,1
Project_67,Business System,373432,377894,22,21,435,464,Project Manager,1,Low,2,Moderate,40,7,Limited,8.92,Scrum,Yes,83,Yes,Formal,Medium,Yes,Basic,8,Junior,1,86,85,60,8,1.34,1,7.48,6.08,8.54,6.33,7.44,7.93,3.87,7.16,1
Project_68,Web/Mobile App,160527,145238,18,19,152,174,Scrum Master,1,Medium,2,Weak,50,1,Insufficient,1.91,Waterfall,Yes,77,Yes,Formal,Medium,Yes,Basic,18,Senior,1,84,92,60,7,2.53,1,4.68,4.86,7.84,7.33,7.03,6.02,4.65,5.92,0
Project_69,Business System,342696,348107,25,27,192,182,Technical Lead,1,Low,8,Weak,50,8,Adequate,7.91,Agile,Yes,69,Yes,Ad Hoc,High,Yes,Basic,3,Mid,3,100,94,50,5,3.66,2,6.17,6.72,7.11,7.0,6.65,6.98,5.25,6.4,1
Project_70,AI/ML Project,451411,434888,26,25,240,242,Technical Lead,4,High,6,Moderate,40,5,Adequate,1.92,Waterfall,Yes,84,Yes,Formal,High,Yes,Basic,8,Junior,0,81,85,30,7,1.61,2,7.55,8.15,7.3,5.67,5.79,7.46,2.02,7.48,1
Project_71,Embedded System,75570,89813,15,19,170,161,Scrum Master,3,Low,8,Strong,40,2,Insufficient,2.79,Agile,Yes,75,Yes,Formal,Medium,Yes,Advanced,14,Junior,3,92,84,60,5,1.2,2,3.44,6.66,9.06,7.0,7.77,4.9,5.13,5.77,0
Project_72,Web/Mobile App,338826,354137,36,40,201,184,Technical Lead,4,Low,9,Strong,50,3,Adequate,4.64,Waterfall,Yes,68,Yes,Formal,Low,Yes,Intermediate,9,Senior,3,82,95,60,9,1.52,3,5.19,7.24,8.6,10.0,6.61,6.05,5.04,6.66,1
Project_73,Data Analytics,79631,92798,32,34,268,275,Project Manager,5,High,6,Moderate,50,9,Adequate,1.65,Waterfall,Yes,82,Yes,Ad Hoc,High,Yes,Intermediate,9,Senior,1,97,84,60,9,0.97,1,5.12,8.31,6.9,8.33,7.64,6.16,4.29,6.56,1
Project_74,Web/Mobile App,144512,128508,32,37,491,490,Technical Lead,5,High,2,Weak,50,9,Adequate,5.28,Agile,Yes,62,Yes,Formal,Low,Yes,Advanced,16,Mid,0,96,96,20,9,2.55,3,3.99,7.05,9.53,5.67,4.62,4.52,4.96,5.79,0
Project_75,Data Analytics,392623,389761,19,20,236,230,Technical Lead,2,High,5,Weak,50,3,Limited,0.54,Agile,Yes,94,Yes,Ad Hoc,Medium,Yes,Intermediate,5,Junior,3,80,96,60,2,4.88,1,7.53,6.53,8.3,8.0,7.6,8.37,2.97,7.65,1
Project_76,Business System,90254,89235,36,40,230,242,Project Manager,4,Medium,6,Weak,40,5,Limited,3.91,Waterfall,Yes,90,Yes,Ad Hoc,Medium,Yes,Advanced,12,Junior,1,96,89,20,10,1.91,0,6.46,6.72,8.0,6.33,5.69,6.55,4.25,6.6,1
Project_77,Business System,61744,76471,36,34,260,253,Scrum Master,2,High,2,Moderate,35,9,Adequate,14.99,Kanban,Yes,95,Yes,Ad Hoc,Low,Yes,Intermediate,4,Mid,0,84,80,30,9,1.04,3,4.65,7.07,8.69,4.67,5.41,4.96,4.91,5.79,0
Project_78,Business System,129675,115789,30,29,290,286,Scrum Master,1,Medium,3,Strong,50,1,Insufficient,14.73,Kanban,Yes,94,Yes,Ad Hoc,High,Yes,Advanced,12,Junior,0,95,96,30,9,3.79,0,5.16,4.95,7.8,5.67,5.77,5.87,3.33,6.05,1
Project_79,Embedded System,179192,202170,9,11,424,411,Project Manager,2,Low,9,Strong,50,10,Insufficient,10.18,Agile,Yes,65,Yes,Ad Hoc,Low,Yes,Intermediate,15,Junior,2,96,88,30,3,3.84,3,3.31,6.99,8.56,6.33,5.65,4.43,7.67,5.04,0
Project_80,Data Analytics,58004,62891,13,14,188,173,Scrum Master,2,High,8,Strong,50,6,Insufficient,7.24,Agile,Yes,100,Yes,Ad Hoc,Low,Yes,Basic,11,Junior,1,81,96,60,4,2.9,3,4.33,7.34,8.75,6.33,6.67,5.62,6.5,5.8,0
Project_81,AI/ML Project,247424,228503,31,32,104,123,Scrum Master,4,Medium,10,Moderate,35,1,Adequate,1.07,Scrum,Yes,99,Yes,Formal,Low,Yes,Advanced,19,Junior,2,100,95,30,7,1.86,0,6.54,7.64,9.99,6.33,6.8,7.0,3.41,7.33,1
Project_82,Embedded System,273533,264788,22,25,329,328,Scrum Master,1,High,10,Strong,40,7,Limited,3.54,Scrum,Yes,100,Yes,Ad Hoc,Low,Yes,Intermediate,12,Mid,3,99,83,20,8,2.19,3,5.23,8.89,9.0,9.0,4.82,5.93,4.47,6.96,1
Project_83,Data Analytics,95597,119447,28,28,305,330,Scrum Master,5,Medium,3,Weak,40,3,Adequate,2.58,Waterfall,Yes,96,Yes,Ad Hoc,Medium,Yes,Advanced,11,Mid,1,86,87,50,10,2.84,2,7.0,6.53,8.07,7.33,5.56,7.08,5.71,6.6,1
Project_84,AI/ML Project,389465,404390,29,32,369,367,Technical Lead,5,Low,6,Weak,40,9,Insufficient,8.62,Scrum,Yes,65,Yes,Ad Hoc,Medium,Yes,Basic,14,Junior,3,83,99,20,2,2.05,3,5.83,6.1,7.69,7.0,5.9,5.67,5.88,5.88,0
Project_85,Embedded System,340550,326638,18,20,453,443,Scrum Master,2,High,2,Weak,35,1,Insufficient,10.57,Waterfall,Yes,91,Yes,Formal,Low,Yes,Advanced,6,Junior,2,85,94,20,7,2.38,2,5.11,4.96,9.26,7.33,5.16,5.52,5.32,5.95,0
Project_86,Business System,402502,418330,34,37,187,198,Scrum Master,2,High,5,Moderate,40,4,Insufficient,6.1,Agile,Yes,80,Yes,Formal,High,Yes,Advanced,13,Junior,3,94,80,20,8,2.25,0,5.57,6.71,8.5,7.0,5.65,5.92,5.37,6.22,1
Project_87,Data Analytics,495232,484265,13,12,421,414,Technical Lead,3,Low,2,Moderate,40,7,Adequate,13.51,Scrum,Yes,90,Yes,Formal,High,Yes,Intermediate,19,Junior,1,84,81,50,8,0.68,0,6.58,6.18,8.25,5.33,7.62,6.9,2.04,7.0,1
Project_88,Data Analytics,479949,484540,12,14,492,521,Project Manager,3,Low,9,Moderate,35,8,Adequate,11.76,Scrum,Yes,74,Yes,Ad Hoc,Medium,Yes,Basic,11,Junior,2,96,92,20,9,3.57,0,6.31,7.3,7.8,7.33,5.3,6.6,6.14,6.37,1
Project_89,Web/Mobile App,168371,169483,32,31,147,164,Scrum Master,4,Low,3,Moderate,40,3,Limited,4.45,Agile,Yes,98,Yes,Ad Hoc,Medium,Yes,Intermediate,6,Senior,0,80,91,20,7,3.88,2,8.66,5.97,8.35,7.67,4.68,7.89,4.85,7.22,1
Project_90,Embedded System,158759,180518,24,23,233,216,Project Manager,2,High,2,Moderate,50,1,Adequate,12.71,Waterfall,Yes,81,Yes,Formal,Low,Yes,Basic,3,Junior,0,96,93,30,10,3.8,0,4.93,5.81,8.51,3.67,5.57,5.57,5.0,5.65,0
Project_91,AI/ML Project,346425,373155,29,30,249,244,Scrum Master,2,Low,10,Weak,50,4,Adequate,1.88,Agile,Yes,87,Yes,Formal,Low,Yes,Intermediate,11,Junior,0,87,99,30,6,1.36,0,5.99,6.87,9.46,5.67,7.1,7.03,2.93,7.09,1
Project_92,Business System,110498,127232,28,30,460,451,Technical Lead,2,Low,7,Strong,40,1,Adequate,6.91,Agile,Yes,92,Yes,Formal,Medium,Yes,Advanced,12,Senior,1,92,84,30,10,3.36,2,4.2,6.94,9.28,8.33,4.68,5.26,6.34,5.94,0
Project_93,Web/Mobile App,219139,211340,34,38,438,462,Scrum Master,4,Low,5,Moderate,50,1,Insufficient,13.29,Scrum,Yes,100,Yes,Ad Hoc,Low,Yes,Basic,5,Junior,2,97,93,20,10,2.28,3,5.73,4.48,8.75,7.33,4.57,5.41,6.51,5.63,0
Project_94,Data Analytics,195297,180958,35,39,383,363,Scrum Master,4,Low,10,Moderate,40,6,Insufficient,5.14,Scrum,Yes,83,Yes,Ad Hoc,High,Yes,Intermediate,10,Mid,3,81,84,30,8,2.42,0,4.44,6.92,7.54,9.0,5.82,5.15,3.87,6.25,1
Project_95,Business System,155221,149078,9,8,465,462,Project Manager,4,High,2,Moderate,50,8,Adequate,7.63,Waterfall,Yes,89,Yes,Ad Hoc,High,Yes,Advanced,18,Mid,2,86,80,20,3,2.93,3,5.59,7.17,7.36,7.33,4.97,5.83,3.9,6.43,1
Project_96,AI/ML Project,335101,344230,21,20,166,188,Project Manager,1,High,1,Moderate,35,5,Limited,5.64,Agile,Yes,100,Yes,Formal,Low,Yes,Intermediate,16,Mid,2,88,86,50,8,2.19,2,6.95,6.6,9.62,7.33,6.27,7.31,4.94,7.05,1
Project_97,Business System,110512,111202,18,23,436,451,Scrum Master,5,Medium,3,Moderate,40,5,Adequate,11.75,Scrum,Yes,71,Yes,Formal,Medium,Yes,Advanced,15,Senior,3,80,97,20,9,2.11,1,6.81,6.59,9.01,9.0,5.28,6.37,5.52,6.75,1
Project_98,AI/ML Project,411794,429686,33,31,126,107,Technical Lead,2,Medium,7,Moderate,40,6,Adequate,3.23,Kanban,Yes,77,Yes,Ad Hoc,High,Yes,Basic,13,Mid,0,99,87,20,6,4.19,1,5.83,7.91,6.96,5.67,5.43,6.52,3.26,6.65,1
Project_99,Web/Mobile App,312159,330678,22,26,136,126,Technical Lead,5,High,7,Moderate,40,9,Limited,11.69,Kanban,Yes,63,Yes,Formal,Low,Yes,Basic,14,Senior,3,92,89,60,7,0.91,1,5.0,7.74,8.66,9.0,8.01,5.63,5.16,6.49,1
Project_100,AI/ML Project,415303,415508,12,17,390,388,Scrum Master,2,Medium,4,Weak,50,5,Insufficient,14.34,Scrum,Yes,75,Yes,Formal,Low,Yes,Intermediate,7,Mid,0,89,86,30,8,1.03,0,6.37,4.83,9.31,6.67,6.76,6.52,3.91,6.59,1
Project_101,Business System,123112,110954,19,24,494,502,Technical Lead,2,Medium,2,Strong,50,1,Adequate,3.68,Kanban,Yes,87,Yes,Formal,Low,Yes,Advanced,7,Mid,2,99,93,20,5,0.64,2,3.44,6.45,9.59,8.33,6.68,5.04,3.57,6.3,1
Project_102,Embedded System,62988,45761,13,18,222,239,Scrum Master,1,Medium,10,Moderate,50,7,Limited,2.25,Waterfall,Yes,66,Yes,Ad Hoc,High,Yes,Intermediate,4,Senior,0,92,83,60,4,0.81,2,3.2,7.7,6.7,5.67,8.13,5.07,4.43,5.59,0
Project_103,AI/ML Project,86178,106936,32,31,478,495,Scrum Master,1,Low,6,Weak,35,7,Insufficient,13.71,Waterfall,Yes,91,Yes,Formal,Medium,Yes,Advanced,14,Junior,1,86,88,20,7,0.67,0,5.26,5.31,8.64,5.33,6.69,5.7,4.3,5.98,0
Project_104,Business System,92983,98612,24,29,297,286,Project Manager,5,Medium,6,Strong,50,2,Adequate,14.91,Kanban,Yes,60,Yes,Formal,Medium,Yes,Intermediate,17,Senior,1,91,81,20,10,5.0,1,5.07,6.36,8.25,7.33,4.53,5.05,6.34,5.68,0
Project_105,AI/ML Project,407246,435565,27,32,271,298,Technical Lead,3,Low,4,Weak,50,6,Limited,9.56,Agile,Yes,88,Yes,Ad Hoc,High,Yes,Intermediate,10,Junior,3,83,99,20,7,1.22,0,4.51,5.32,7.6,8.0,6.52,5.38,6.76,5.41,0
Project_106,Business System,191555,176461,17,16,105,117,Scrum Master,4,High,2,Strong,50,7,Insufficient,3.13,Agile,Yes,100,Yes,Ad Hoc,High,Yes,Advanced,19,Senior,3,95,81,20,3,2.14,1,5.67,6.92,8.12,9.0,6.25,5.95,3.71,6.75,1
Project_107,Web/Mobile App,434694,428257,38,38,492,472,Project Manager,3,Low,5,Weak,35,4,Limited,9.41,Agile,Yes,62,Yes,Formal,Low,Yes,Basic,13,Mid,0,98,92,20,6,1.24,2,9.03,5.47,8.9,5.67,6.15,8.14,2.92,7.53,1
Project_108,Embedded System,191893,190297,40,45,427,440,Technical Lead,2,Low,6,Moderate,40,4,Limited,7.33,Waterfall,Yes,76,Yes,Formal,High,Yes,Advanced,12,Mid,1,83,100,60,9,1.67,1,6.15,6.33,7.83,7.33,7.29,6.97,4.66,6.59,1
Project_109,AI/ML Project,254247,257612,9,14,182,199,Technical Lead,5,Low,10,Strong,40,2,Insufficient,3.3,Agile,Yes,81,Yes,Formal,Medium,Yes,Basic,9,Mid,2,82,92,30,2,2.74,1,6.6,6.91,8.51,8.33,6.46,6.75,5.85,6.65,1
Project_110,Data Analytics,278125,294563,8,9,463,467,Technical Lead,4,Low,5,Strong,35,2,Adequate,12.5,Agile,Yes,94,Yes,Formal,High,Yes,Basic,15,Junior,3,96,91,20,8,0.65,1,5.03,6.25,8.05,7.0,6.42,5.39,5.16,5.92,0
Project_111,Business System,267544,255738,16,17,459,449,Project Manager,5,High,5,Weak,50,8,Limited,1.32,Agile,Yes,96,Yes,Ad Hoc,High,Yes,Intermediate,15,Senior,2,85,93,30,4,3.45,2,6.74,7.19,7.7,8.33,5.72,6.71,3.6,7.04,1
Project_112,Business System,153961,158480,10,13,163,179,Scrum Master,4,Medium,5,Strong,35,1,Limited,10.76,Waterfall,Yes,90,Yes,Ad Hoc,High,Yes,Advanced,15,Junior,2,93,96,20,8,4.95,2,5.92,6.23,7.38,6.33,4.82,5.79,7.79,5.45,0
Project_113,AI/ML Project,408418,393934,32,33,488,475,Technical Lead,2,High,1,Strong,50,1,Adequate,1.57,Agile,Yes,76,Yes,Formal,Medium,Yes,Advanced,12,Mid,3,99,86,50,6,1.55,0,7.32,6.89,9.07,9.0,7.81,8.17,1.64,8.11,1
Project_114,AI/ML Project,218819,223410,11,16,384,406,Project Manager,2,High,5,Strong,35,4,Limited,12.5,Scrum,Yes,69,Yes,Formal,High,Yes,Intermediate,3,Junior,3,93,86,30,5,4.79,0,5.77,6.96,7.99,6.0,6.23,6.19,6.3,6.0,1
Project_115,Web/Mobile App,188640,201644,20,23,258,251,Scrum Master,5,Medium,7,Moderate,40,7,Limited,4.99,Waterfall,Yes,73,Yes,Ad Hoc,Medium,Yes,Basic,15,Mid,0,82,88,60,4,3.85,0,4.85,7.5,7.16,5.67,7.5,5.89,5.31,5.9,0
Project_116,Business System,440233,446638,35,33,302,300,Scrum Master,1,High,5,Strong,40,4,Insufficient,8.14,Waterfall,Yes,69,Yes,Ad Hoc,Medium,Yes,Basic,9,Junior,2,81,83,50,8,3.63,3,7.03,6.99,7.11,7.33,5.32,7.14,4.27,6.83,1
Project_117,AI/ML Project,176080,157922,20,21,339,346,Technical Lead,1,Medium,9,Weak,40,3,Limited,14.3,Agile,Yes,83,Yes,Formal,High,Yes,Intermediate,13,Mid,3,87,86,50,8,4.46,0,4.7,6.12,8.16,8.0,6.47,5.78,4.51,6.19,1
Project_118,Business System,355078,377245,34,39,237,258,Technical Lead,3,Medium,6,Moderate,35,6,Adequate,12.94,Waterfall,Yes,74,Yes,Formal,High,Yes,Basic,5,Junior,2,84,92,60,3,4.72,0,4.73,6.93,7.17,7.33,7.77,6.26,7.52,5.62,0
Project_119,Web/Mobile App,306189,307671,35,38,410,434,Scrum Master,4,Low,10,Moderate,40,3,Insufficient,5.9,Agile,Yes,78,Yes,Ad Hoc,Low,Yes,Advanced,15,Mid,0,87,81,50,6,2.12,1,7.08,6.44,9.1,5.67,6.87,7.01,4.98,6.72,1
Project_120,Embedded System,461992,480552,13,14,109,138,Project Manager,2,High,9,Moderate,35,3,Limited,6.9,Scrum,Yes,94,Yes,Formal,High,Yes,Advanced,13,Mid,0,81,88,30,4,3.03,0,5.89,7.36,8.68,5.67,6.23,6.56,6.43,6.21,1
Project_121,Business System,475891,501812,29,30,438,419,Technical Lead,1,High,4,Weak,35,2,Insufficient,3.92,Scrum,Yes,64,Yes,Formal,High,Yes,Intermediate,5,Junior,1,89,97,20,4,4.24,3,6.4,5.86,7.92,6.33,5.1,6.77,4.8,6.39,1
Project_122,Data Analytics,380403,405058,33,37,101,115,Scrum Master,1,Medium,5,Strong,40,2,Adequate,3.69,Scrum,Yes,64,Yes,Formal,Medium,Yes,Basic,20,Junior,2,81,89,60,6,1.85,1,4.26,7.45,8.3,6.33,7.47,6.01,6.39,5.86,0
Project_123,Data Analytics,373173,388381,22,26,114,131,Project Manager,4,High,2,Weak,50,3,Adequate,10.5,Kanban,Yes,64,Yes,Formal,Low,Yes,Intermediate,6,Junior,0,89,100,30,2,4.06,0,5.58,5.82,8.93,5.67,6.9,6.49,7.35,5.77,0
Project_124,AI/ML Project,347979,328752,22,22,207,211,Project Manager,4,Medium,3,Weak,40,2,Limited,2.65,Scrum,Yes,61,Yes,Formal,Medium,Yes,Intermediate,14,Senior,1,92,93,50,9,3.35,3,8.14,5.95,8.51,7.33,5.5,7.68,3.43,7.36,1
Project_125,Data Analytics,210606,195088,28,27,296,314,Scrum Master,4,Medium,2,Weak,40,3,Adequate,10.62,Waterfall,Yes,99,Yes,Ad Hoc,High,Yes,Advanced,13,Mid,1,96,80,30,7,2.34,1,6.52,5.81,7.49,6.33,5.88,6.55,4.31,6.38,1
Project_126,Embedded System,92942,83229,22,24,315,302,Technical Lead,5,Medium,9,Strong,50,6,Limited,1.36,Scrum,Yes,86,Yes,Ad Hoc,Medium,Yes,Basic,18,Mid,3,87,80,50,7,2.21,2,4.15,7.9,7.95,8.0,6.31,5.03,3.64,6.33,1
Project_127,Data Analytics,129225,121340,32,34,403,394,Project Manager,1,Medium,1,Moderate,50,3,Adequate,11.72,Kanban,Yes,61,Yes,Formal,High,Yes,Basic,19,Junior,2,93,83,60,4,4.02,1,5.43,5.59,7.39,6.33,7.27,6.72,4.71,6.13,1
Project_128,Embedded System,93500,116269,31,30,496,503,Technical Lead,3,High,10,Weak,50,6,Adequate,9.63,Kanban,Yes,89,Yes,Formal,Low,Yes,Advanced,18,Senior,2,80,90,50,4,2.12,0,5.63,7.46,9.61,8.33,7.57,6.59,4.68,6.95,1
Project_129,AI/ML Project,63294,75269,27,28,267,276,Project Manager,4,Medium,1,Strong,50,2,Limited,2.02,Scrum,Yes,84,Yes,Ad Hoc,High,Yes,Intermediate,9,Junior,2,80,91,30,6,4.15,1,5.69,6.14,7.55,7.33,5.6,6.24,5.18,6.16,1
Project_130,Data Analytics,314858,297446,36,40,389,409,Technical Lead,1,Low,2,Weak,50,1,Insufficient,5.21,Scrum,Yes,66,Yes,Formal,Low,Yes,Basic,10,Junior,3,80,88,60,3,0.8,1,4.54,4.2,8.95,8.0,8.52,6.15,4.17,6.16,1
Project_131,Embedded System,208342,193688,8,13,292,283,Scrum Master,1,Low,4,Weak,50,1,Insufficient,8.88,Waterfall,Yes,61,Yes,Formal,High,Yes,Advanced,6,Junior,2,96,86,50,7,2.2,3,4.0,4.22,7.64,7.33,6.23,5.24,5.37,5.35,0
Project_132,Embedded System,288753,307309,26,28,142,168,Project Manager,5,High,10,Weak,35,8,Adequate,9.26,Agile,Yes,65,Yes,Formal,Low,Yes,Intermediate,10,Junior,2,87,94,30,10,2.96,0,5.76,8.05,9.19,7.33,5.46,6.07,7.21,6.26,1
Project_133,Embedded System,193858,192523,34,35,363,393,Project Manager,5,High,6,Moderate,50,5,Insufficient,8.56,Agile,Yes,79,Yes,Ad Hoc,High,Yes,Advanced,17,Junior,0,90,95,60,7,0.73,3,8.91,6.39,7.86,4.67,7.51,7.99,4.7,7.0,1
Project_134,AI/ML Project,231525,222639,30,29,233,219,Scrum Master,5,Low,9,Moderate,40,4,Adequate,13.39,Agile,Yes,86,Yes,Formal,High,Yes,Intermediate,19,Senior,2,95,84,30,2,4.02,3,7.67,6.76,8.2,8.33,5.73,7.18,4.33,7.16,1
Project_135,Business System,431550,427619,15,17,298,283,Technical Lead,3,Medium,7,Moderate,50,6,Limited,8.25,Scrum,Yes,65,Yes,Ad Hoc,High,Yes,Basic,9,Senior,1,89,97,50,7,3.71,0,6.18,6.7,7.06,8.33,6.85,6.92,4.71,6.61,1
Project_136,Business System,280215,264231,31,32,173,196,Scrum Master,1,High,8,Strong,40,2,Insufficient,1.09,Scrum,Yes,92,Yes,Ad Hoc,Low,Yes,Intermediate,11,Mid,0,100,91,20,4,2.71,3,6.52,7.64,8.9,6.67,5.35,6.94,4.89,6.88,1
Project_137,Embedded System,328648,345429,20,25,456,459,Technical Lead,5,Low,4,Moderate,35,6,Limited,1.38,Kanban,Yes,70,Yes,Ad Hoc,High,Yes,Basic,16,Senior,0,87,94,50,4,4.15,1,5.47,6.62,6.88,6.67,6.93,6.22,4.86,6.1,1
Project_138,Embedded System,200066,189339,16,17,172,160,Scrum Master,1,High,7,Moderate,40,1,Limited,6.38,Scrum,Yes,76,Yes,Formal,Low,Yes,Basic,16,Mid,0,81,84,50,4,1.4,0,5.51,6.97,9.07,5.67,7.89,6.68,2.88,6.89,1
Project_139,Embedded System,331995,330818,20,25,459,471,Project Manager,3,Medium,10,Weak,50,7,Insufficient,4.61,Waterfall,Yes,63,Yes,Ad Hoc,Medium,Yes,Intermediate,9,Junior,3,89,100,20,2,3.31,0,6.49,6.67,7.29,8.0,6.48,6.96,4.54,6.7,1
Project_140,Embedded System,381547,406105,17,15,214,235,Project Manager,2,Low,8,Weak,50,10,Limited,2.94,Kanban,Yes,74,Yes,Ad Hoc,Medium,Yes,Basic,6,Junior,2,93,90,60,2,1.87,3,4.47,6.93,7.55,7.33,7.68,6.1,5.24,6.05,1
Project_141,Embedded System,432760,431221,23,23,479,459,Project Manager,1,High,8,Weak,50,3,Insufficient,9.74,Kanban,Yes,99,Yes,Formal,Medium,Yes,Basic,17,Mid,2,85,93,20,3,3.83,3,8.97,5.88,8.49,7.33,5.13,8.19,4.29,7.42,1
Project_142,Embedded System,358457,375421,8,12,277,306,Scrum Master,1,High,1,Strong,35,9,Adequate,2.73,Waterfall,Yes,81,Yes,Ad Hoc,High,Yes,Advanced,3,Senior,3,86,82,50,2,1.96,1,4.78,8.23,7.26,8.0,7.63,6.3,6.0,6.22,1
Project_143,Data Analytics,279507,303187,23,21,285,302,Scrum Master,3,Medium,8,Strong,40,7,Insufficient,12.07,Scrum,Yes,86,Yes,Formal,High,Yes,Basic,16,Senior,2,97,84,30,5,2.04,3,4.45,7.14,7.95,8.33,5.8,4.89,6.21,5.74,0
Project_144,AI/ML Project,144717,172849,36,36,221,218,Scrum Master,2,High,7,Strong,50,8,Limited,10.76,Scrum,Yes,92,Yes,Formal,Medium,Yes,Advanced,14,Senior,0,95,87,30,10,3.81,1,6.36,7.66,9.28,6.67,5.12,6.44,5.33,6.71,1
Project_145,AI/ML Project,89628,90382,36,40,122,128,Scrum Master,5,Medium,9,Strong,35,7,Adequate,7.26,Agile,Yes,62,Yes,Ad Hoc,High,Yes,Basic,4,Senior,2,89,88,20,3,4.13,3,6.75,8.34,7.03,7.33,5.12,6.39,6.5,6.35,1
Project_146,Embedded System,385966,385993,11,13,381,379,Scrum Master,3,Medium,9,Moderate,50,6,Limited,6.57,Waterfall,Yes,66,Yes,Ad Hoc,Medium,Yes,Advanced,4,Junior,1,90,80,20,9,2.48,1,6.58,7.1,7.7,4.33,4.96,6.27,4.47,6.31,1
Project_147,AI/ML Project,418277,418425,22,21,440,452,Technical Lead,1,Low,1,Weak,40,5,Insufficient,13.07,Kanban,Yes,72,Yes,Formal,Low,Yes,Basic,17,Senior,0,100,93,20,10,0.54,0,7.83,4.5,8.78,6.67,6.58,7.37,2.43,7.19,1
Project_148,Data Analytics,146678,128112,31,36,452,432,Scrum Master,5,Low,5,Moderate,35,1,Adequate,10.98,Scrum,Yes,60,Yes,Formal,High,Yes,Advanced,11,Mid,1,89,83,50,4,4.03,2,3.87,5.79,8.25,7.33,6.45,5.07,5.67,5.55,0
Project_149,AI/ML Project,382687,372956,38,40,324,320,Project Manager,4,Medium,2,Strong,50,6,Insufficient,4.08,Agile,Yes,74,Yes,Ad Hoc,High,Yes,Advanced,4,Junior,3,98,89,30,7,4.74,3,7.42,6.28,7.8,6.0,5.03,6.72,4.22,6.66,1
Project_150,Embedded System,353818,358834,18,22,495,497,Project Manager,3,Low,3,Strong,35,7,Limited,2.28,Waterfall,Yes,86,Yes,Formal,Medium,Yes,Intermediate,14,Mid,0,92,81,60,10,0.97,3,6.17,6.98,8.2,5.67,6.68,6.52,3.89,6.62,1
Project_151,Web/Mobile App,338337,391908,26,41,194,159,Project Manager,2,High,4,Strong,40,4,Adequate,27.91,Scrum,Yes,35,Yes,Formal,Medium,Yes,Intermediate,3,Senior,0,22,28,50,4,5.38,5,2.86,6.86,8.19,5.67,3.42,3.36,8.33,4.43,0
Project_152,Data Analytics,332750,396350,14,25,281,284,Project Manager,3,Medium,6,Moderate,40,3,Insufficient,17.24,Scrum,Yes,37,Yes,Formal,Low,Yes,Intermediate,18,Senior,0,74,74,20,9,4.21,8,3.6,5.48,8.84,6.67,2.97,3.51,8.51,4.53,0
Project_153,Data Analytics,321609,355997,31,45,406,477,Project Manager,4,Medium,3,Weak,35,5,Insufficient,18.69,Agile,Yes,46,No,Ad Hoc,Medium,Yes,Advanced,15,Junior,2,69,69,50,7,6.12,6,3.8,4.67,6.83,6.33,4.38,3.9,10.0,3.9,0
Project_154,Business System,98787,167813,25,30,185,166,Scrum Master,5,Low,4,Moderate,50,7,Adequate,28.69,Kanban,Yes,75,No,Ad Hoc,High,Yes,Basic,13,Mid,2,29,73,50,7,4.12,9,3.69,5.57,5.69,7.33,3.78,3.78,8.33,4.25,0
Project_155,Business System,472530,510669,11,21,129,179,Scrum Master,5,High,2,Strong,40,7,Limited,31.74,Agile,No,58,Yes,Formal,Medium,Yes,Basic,6,Mid,1,49,64,30,8,7.92,7,4.58,6.57,6.97,7.33,2.97,4.13,9.68,4.55,0
Project_156,Business System,140039,200289,27,40,243,275,Technical Lead,4,Medium,3,Moderate,40,3,Insufficient,38.98,Agile,No,54,Yes,,High,No,Advanced,7,Mid,1,41,52,30,8,7.36,10,3.8,4.86,4.42,7.33,2.63,3.49,10.0,3.57,0
Project_157,Business System,227712,261022,12,17,308,279,Technical Lead,4,Medium,4,Strong,50,8,Limited,17.99,Scrum,Yes,36,No,Ad Hoc,Medium,No,Basic,11,Junior,1,77,42,50,2,4.91,8,3.52,6.29,4.83,6.33,4.9,4.18,8.33,4.21,0
Project_158,AI/ML Project,440986,489921,14,25,475,466,Technical Lead,2,Low,2,Weak,50,9,Insufficient,28.8,Scrum,Yes,56,Yes,Ad Hoc,Medium,Yes,Advanced,4,Mid,2,71,78,20,7,2.38,4,3.34,4.29,8.2,6.33,4.0,3.46,7.65,4.34,0
Project_159,AI/ML Project,484786,563715,37,47,144,187,Technical Lead,5,Medium,3,Weak,50,1,Limited,35.86,Scrum,No,66,Yes,Ad Hoc,High,No,Intermediate,20,Junior,3,70,72,60,4,7.18,4,4.0,4.14,4.83,7.0,5.7,4.41,9.67,3.81,0
Project_160,Web/Mobile App,406219,457620,27,37,390,449,Project Manager,2,High,9,Moderate,35,5,Insufficient,22.63,Agile,No,92,No,Formal,Medium,No,Basic,9,Junior,2,51,58,60,9,7.83,7,3.4,6.29,4.9,7.33,3.98,3.9,10.0,3.9,0
Project_161,Business System,200354,240183,34,47,469,466,Scrum Master,2,High,5,Moderate,35,1,Adequate,32.27,Waterfall,No,91,No,Formal,High,No,Advanced,9,Junior,2,32,37,20,8,6.64,4,3.38,6.0,4.26,7.33,2.15,3.63,8.0,4.09,0
Project_162,AI/ML Project,69145,107586,15,30,251,293,Project Manager,5,Low,8,Strong,35,4,Insufficient,20.56,Waterfall,Yes,44,No,Ad Hoc,Medium,No,Basic,9,Junior,2,33,47,50,3,4.67,9,4.0,5.57,4.3,7.33,4.08,3.93,10.0,3.8,0
Project_163,AI/ML Project,494375,529667,20,28,167,180,Technical Lead,4,High,7,Strong,50,1,Limited,27.97,Agile,No,42,No,Ad Hoc,High,No,Basic,15,Mid,3,26,75,60,4,6.67,3,4.66,6.0,3.02,8.0,5.35,4.88,8.49,4.37,0
Project_164,Business System,388857,445906,25,35,463,540,Project Manager,1,Low,9,Weak,40,2,Adequate,27.4,Waterfall,No,43,Yes,,High,Yes,Advanced,17,Senior,2,37,56,50,10,2.68,7,3.2,5.57,4.91,8.33,3.31,3.79,9.82,3.87,0
Project_165,AI/ML Project,490446,562259,40,52,470,471,Scrum Master,1,Medium,3,Strong,40,4,Adequate,24.9,Kanban,No,34,Yes,,Medium,Yes,Basic,17,Mid,1,37,62,30,2,5.55,4,3.2,6.29,5.17,6.33,4.07,4.07,8.04,4.24,0
Project_166,Web/Mobile App,397000,478011,28,38,124,114,Project Manager,4,Low,1,Strong,35,1,Adequate,23.47,Waterfall,Yes,72,No,Ad Hoc,High,No,Advanced,5,Mid,1,72,53,20,9,5.13,6,3.56,5.0,4.65,7.33,2.58,3.61,8.33,3.95,0
Project_167,AI/ML Project,393456,451877,20,31,259,265,Scrum Master,5,Low,2,Strong,35,3,Adequate,39.9,Kanban,No,55,No,Formal,High,No,Advanced,7,Senior,1,33,20,50,3,6.26,8,4.0,5.43,4.19,8.33,3.63,4.09,8.72,4.15,0
Project_168,Data Analytics,73094,157879,17,23,469,542,Project Manager,3,Low,2,Weak,40,4,Insufficient,27.86,Waterfall,Yes,94,No,,Low,Yes,Advanced,13,Mid,2,67,71,60,3,3.47,5,3.6,4.0,6.8,7.33,5.47,4.19,10.0,3.94,0
Project_169,Web/Mobile App,83580,145892,38,46,351,421,Technical Lead,3,Low,3,Weak,35,8,Adequate,36.62,Kanban,No,56,Yes,,High,No,Advanced,13,Mid,3,70,31,50,8,2.94,5,3.6,5.43,4.2,8.0,3.63,3.93,9.97,3.77,0
Project_170,Data Analytics,99907,134699,11,25,342,394,Technical Lead,3,Low,1,Moderate,35,2,Adequate,39.91,Scrum,Yes,83,Yes,Ad Hoc,High,Yes,Basic,6,Senior,1,62,23,60,5,7.7,8,3.6,4.71,7.29,8.33,4.25,4.28,10.0,4.24,0
Project_171,Web/Mobile App,67145,127909,22,31,379,385,Scrum Master,1,Medium,5,Moderate,35,3,Limited,29.22,Agile,No,86,Yes,Ad Hoc,Low,No,Basic,4,Mid,1,43,59,50,2,3.45,6,3.2,5.43,6.08,5.33,4.62,3.93,8.6,4.0,0
Project_172,Web/Mobile App,268975,307174,33,44,269,349,Scrum Master,3,High,7,Weak,40,8,Limited,33.31,Agile,No,32,Yes,Ad Hoc,High,No,Advanced,18,Mid,2,43,41,50,3,3.47,3,3.6,6.57,4.78,7.33,4.82,4.14,9.33,4.14,0
Project_173,Embedded System,195278,277537,16,28,171,163,Scrum Master,1,Low,4,Moderate,40,5,Limited,32.82,Agile,No,32,No,,Medium,Yes,Advanced,10,Senior,1,48,53,30,5,3.99,10,3.06,5.29,4.78,8.33,3.27,3.74,8.33,4.07,0
Project_174,Web/Mobile App,65205,156514,12,23,353,327,Technical Lead,5,Medium,4,Moderate,35,6,Adequate,29.99,Scrum,No,70,Yes,,Low,Yes,Basic,13,Junior,2,64,69,60,2,6.86,7,3.78,6.14,6.5,6.33,5.55,4.37,8.33,4.52,0
Project_175,Business System,412192,482823,38,52,456,528,Scrum Master,1,Medium,3,Weak,35,6,Limited,34.67,Scrum,Yes,57,Yes,Formal,High,No,Advanced,17,Junior,1,36,42,60,2,5.41,3,3.2,5.14,6.96,5.33,5.3,4.29,9.33,4.03,0
Project_176,Web/Mobile App,94463,187383,38,52,375,395,Technical Lead,4,High,10,Weak,50,10,Insufficient,23.14,Waterfall,No,79,No,Formal,Low,No,Advanced,10,Mid,0,53,27,30,7,4.59,7,3.8,6.43,5.36,6.67,2.58,3.48,9.22,4.03,0
Project_177,AI/ML Project,466350,559767,21,26,247,283,Technical Lead,3,Medium,6,Weak,35,3,Adequate,16.1,Scrum,Yes,79,Yes,Formal,High,No,Basic,20,Senior,2,55,35,60,8,7.08,8,3.6,5.85,6.61,8.33,3.83,4.1,10.0,4.27,0
Project_178,Web/Mobile App,408274,502682,30,42,193,205,Scrum Master,2,Low,10,Weak,50,2,Limited,31.23,Agile,Yes,42,No,Ad Hoc,High,Yes,Intermediate,17,Senior,3,72,60,50,9,4.69,6,3.4,4.86,5.78,9.0,3.95,3.89,9.37,4.1,0
Project_179,Embedded System,431619,517306,20,27,258,260,Project Manager,5,Low,4,Moderate,35,2,Limited,18.35,Kanban,No,69,No,,Low,Yes,Basic,16,Senior,1,32,20,60,3,5.7,5,4.0,4.83,4.99,7.33,4.03,3.95,8.46,4.1,0
Project_180,Embedded System,278400,376731,32,41,167,234,Scrum Master,3,High,4,Weak,50,5,Adequate,26.34,Scrum,No,53,No,Formal,Medium,No,Advanced,17,Junior,0,67,41,20,10,4.65,9,3.6,5.71,5.04,4.67,2.13,3.49,10.0,3.49,0
Project_181,Data Analytics,432077,513832,9,18,195,160,Technical Lead,5,Low,4,Strong,50,5,Adequate,15.0,Scrum,Yes,83,Yes,,High,Yes,Basic,17,Junior,0,73,26,20,3,3.65,4,3.46,6.07,6.66,4.67,3.48,3.66,8.0,4.21,0
Project_182,Business System,108057,154996,33,45,375,352,Project Manager,1,Medium,2,Moderate,50,10,Adequate,25.88,Kanban,No,35,No,,Medium,Yes,Advanced,19,Mid,0,39,63,30,4,7.1,3,3.02,6.14,4.56,5.67,4.12,3.96,7.67,4.08,0
Project_183,Data Analytics,188137,264705,22,33,186,172,Scrum Master,1,Low,4,Strong,50,5,Limited,36.39,Agile,No,74,No,,Medium,Yes,Intermediate,15,Mid,0,26,67,20,5,7.46,8,2.97,5.29,4.92,5.67,2.72,3.36,8.33,3.72,0
Project_184,AI/ML Project,172142,258948,13,27,225,189,Scrum Master,4,High,3,Strong,35,1,Insufficient,32.04,Agile,Yes,53,No,Ad Hoc,Medium,No,Advanced,7,Senior,2,58,46,50,4,3.54,6,3.32,5.29,5.66,9.33,4.32,3.68,8.33,4.33,0
Project_185,Business System,358573,444168,23,36,479,497,Technical Lead,4,Medium,2,Weak,35,10,Adequate,34.01,Kanban,Yes,62,Yes,Ad Hoc,Medium,Yes,Basic,12,Senior,3,53,45,60,10,2.26,8,3.8,6.0,7.4,10.0,4.05,4.09,8.55,4.89,0
Project_186,Embedded System,357944,450512,13,23,495,454,Technical Lead,2,Medium,1,Strong,40,6,Insufficient,28.98,Agile,Yes,62,Yes,Formal,Medium,Yes,Intermediate,20,Mid,0,31,62,50,6,2.49,9,3.15,5.43,8.53,5.67,4.08,3.52,8.05,4.4,0
Project_187,Data Analytics,130780,223267,21,30,477,452,Technical Lead,2,Low,8,Moderate,50,1,Adequate,15.63,Agile,Yes,62,No,Ad Hoc,Medium,Yes,Intermediate,13,Senior,2,35,26,30,4,4.8,4,3.24,5.6,6.65,8.33,3.1,3.78,8.0,4.5,0
Project_188,Embedded System,193337,248930,31,37,243,307,Project Manager,5,Low,6,Strong,35,5,Adequate,33.85,Agile,No,95,Yes,Formal,Medium,No,Basic,5,Senior,1,21,56,60,8,2.15,3,4.0,6.29,6.19,8.33,4.76,4.29,8.86,4.61,0
Project_189,AI/ML Project,387141,451290,8,14,413,420,Project Manager,2,Medium,2,Weak,35,9,Adequate,15.14,Agile,Yes,52,Yes,,Low,No,Intermediate,11,Junior,2,35,64,60,4,3.2,9,3.4,6.2,6.53,7.33,4.65,4.52,8.62,4.56,0
Project_190,AI/ML Project,241718,340690,11,20,335,287,Scrum Master,3,Medium,10,Strong,50,10,Limited,19.21,Agile,Yes,35,No,,High,No,Basic,19,Senior,2,20,29,50,8,4.2,6,3.17,7.34,3.56,8.33,2.73,3.25,8.33,4.09,0
Project_191,Embedded System,81762,125408,10,23,127,126,Project Manager,1,High,6,Moderate,50,4,Adequate,39.45,Kanban,Yes,57,Yes,Ad Hoc,Low,Yes,Intermediate,18,Junior,2,24,51,20,3,3.82,6,3.18,6.29,8.21,6.33,2.75,3.66,8.33,4.53,0
Project_192,Business System,175976,249985,30,36,138,120,Scrum Master,5,High,7,Weak,40,9,Insufficient,30.49,Waterfall,Yes,68,Yes,Ad Hoc,Medium,No,Basic,17,Senior,1,68,56,60,3,3.01,7,3.61,6.29,5.85,7.33,5.23,3.86,8.33,4.39,0
Project_193,Embedded System,56969,125893,18,30,290,339,Project Manager,3,Low,8,Weak,35,3,Limited,38.68,Agile,Yes,50,Yes,Formal,High,No,Basic,20,Mid,3,30,66,30,3,2.96,9,3.6,5.0,6.25,8.0,3.54,3.76,9.98,3.97,0
Project_194,Embedded System,474222,568324,9,21,479,521,Technical Lead,3,High,4,Weak,35,2,Adequate,19.98,Waterfall,No,61,Yes,,Low,Yes,Basic,6,Mid,1,29,63,60,9,3.07,5,3.6,5.57,5.76,7.33,3.7,4.11,9.79,4.04,0
Project_195,Embedded System,233160,299222,20,30,235,229,Technical Lead,1,Medium,5,Moderate,40,10,Limited,34.29,Agile,No,31,No,,Medium,Yes,Advanced,19,Mid,2,39,79,50,8,7.38,7,3.12,6.57,4.76,7.33,3.88,3.81,8.33,4.19,0
Project_196,Business System,234334,329000,32,37,188,210,Project Manager,2,Low,9,Moderate,40,7,Insufficient,18.6,Scrum,Yes,86,No,Formal,Low,Yes,Basic,9,Junior,2,30,63,50,6,7.72,4,3.4,5.96,7.95,7.33,4.13,3.97,9.67,4.39,0
Project_197,Web/Mobile App,425993,460605,8,17,258,272,Project Manager,3,Medium,4,Weak,50,8,Limited,25.75,Scrum,Yes,76,No,Formal,High,No,Advanced,6,Senior,3,56,70,50,8,4.8,3,4.16,5.29,5.95,10.0,4.68,4.63,8.26,4.82,0
Project_198,Embedded System,398106,477549,30,41,172,233,Project Manager,2,Medium,6,Weak,50,4,Adequate,39.06,Scrum,No,59,Yes,,Low,Yes,Intermediate,13,Mid,2,76,29,60,8,7.74,5,3.4,5.43,6.61,7.33,4.08,4.08,10.0,4.07,0
Project_199,Data Analytics,340945,396072,21,35,401,414,Scrum Master,4,Low,7,Weak,40,7,Adequate,23.01,Scrum,Yes,74,No,Ad Hoc,Medium,No,Advanced,18,Senior,3,23,51,30,10,7.76,9,3.8,6.0,5.92,9.0,1.98,3.45,8.87,4.35,0
Project_200,Data Analytics,366285,448832,31,42,217,194,Technical Lead,1,High,1,Strong,35,5,Adequate,34.84,Kanban,No,38,Yes,,Low,Yes,Intermediate,8,Mid,1,70,50,20,7,6.73,3,2.88,6.43,6.1,7.33,3.5,3.84,7.67,4.47,0
Project_201,Business System,112386,148931,40,53,200,266,Project Manager,3,High,9,Weak,40,8,Adequate,23.6,Agile,Yes,74,No,,High,Yes,Advanced,19,Junior,3,50,60,30,6,7.26,5,3.6,7.29,5.92,7.0,3.25,3.83,10.0,4.18,0
Project_202,AI/ML Project,442951,511528,20,35,475,450,Project Manager,5,Medium,10,Weak,40,4,Insufficient,35.03,Waterfall,No,91,No,,Medium,No,Intermediate,4,Senior,0,78,66,30,3,4.18,8,3.84,5.57,3.26,5.67,4.32,3.59,8.33,3.7,0
Project_203,Embedded System,206886,300510,38,44,192,228,Project Manager,5,Low,4,Moderate,40,1,Insufficient,31.1,Waterfall,No,85,Yes,Formal,High,No,Advanced,6,Junior,2,51,48,20,9,3.18,7,4.0,4.29,5.44,7.33,2.15,3.35,10.0,3.63,0
Project_204,Embedded System,227478,260999,24,33,412,420,Technical Lead,3,Medium,4,Moderate,50,9,Adequate,16.19,Agile,Yes,42,Yes,Formal,Medium,No,Advanced,7,Senior,3,75,53,30,6,2.21,9,3.6,6.56,7.4,10.0,3.99,4.16,8.22,5.03,0
Project_205,Embedded System,121813,171540,17,22,226,219,Project Manager,4,High,7,Strong,40,4,Adequate,35.91,Agile,Yes,71,No,Ad Hoc,Medium,No,Basic,12,Senior,2,79,48,30,5,3.8,8,3.71,7.29,5.26,9.33,3.7,4.05,8.33,4.72,0
Project_206,Embedded System,325908,404437,39,48,376,424,Scrum Master,1,Medium,8,Weak,35,4,Adequate,19.23,Waterfall,Yes,31,No,Formal,Medium,Yes,Intermediate,9,Mid,1,59,26,20,5,6.5,8,3.2,6.05,6.26,7.33,2.58,3.79,10.0,4.01,0
Project_207,Business System,129521,184221,32,45,306,328,Scrum Master,1,Medium,9,Moderate,40,5,Adequate,23.75,Kanban,Yes,87,Yes,Ad Hoc,Medium,No,Advanced,18,Senior,2,34,73,60,6,6.53,3,3.2,6.86,7.09,8.33,5.12,4.38,8.86,4.73,0
Project_208,Embedded System,342481,377995,19,30,440,405,Technical Lead,3,High,8,Moderate,40,7,Insufficient,18.87,Scrum,No,67,No,Ad Hoc,Low,No,Intermediate,10,Senior,2,45,35,20,2,4.51,5,3.36,6.65,4.84,9.33,3.0,3.47,8.33,4.36,0
Project_209,Web/Mobile App,356996,391984,8,15,215,171,Project Manager,3,Low,5,Moderate,40,7,Adequate,39.61,Waterfall,Yes,43,Yes,,Medium,No,Advanced,15,Mid,0,29,76,60,3,3.67,8,3.05,6.14,5.54,5.67,4.92,3.96,8.3,4.11,0
Project_210,Business System,76782,153902,17,23,372,386,Project Manager,1,Medium,3,Moderate,40,2,Limited,20.79,Scrum,Yes,82,Yes,Formal,Low,Yes,Advanced,10,Senior,3,68,43,60,10,6.25,5,3.2,5.14,9.78,10.0,3.85,4.0,8.96,4.93,0
Project_211,Business System,320156,360626,14,24,198,229,Scrum Master,2,Medium,8,Strong,40,2,Limited,31.4,Scrum,Yes,51,Yes,Ad Hoc,Medium,Yes,Basic,7,Senior,1,40,51,20,7,6.28,10,3.4,6.29,7.51,8.33,2.35,3.56,10.0,4.3,0
Project_212,Embedded System,52101,88335,24,33,363,356,Technical Lead,5,Low,2,Weak,50,5,Insufficient,19.6,Agile,No,34,Yes,,Medium,No,Advanced,9,Senior,0,66,30,50,3,5.62,8,3.94,3.74,4.8,7.67,4.35,3.98,8.33,3.97,0
Project_213,Business System,148937,233672,10,21,281,324,Technical Lead,2,High,1,Moderate,40,5,Limited,28.94,Waterfall,No,65,No,,Medium,No,Advanced,19,Mid,1,75,68,60,9,4.62,10,3.4,5.71,3.31,6.33,4.55,4.07,10.0,3.51,0
Project_214,AI/ML Project,386419,463891,13,18,271,258,Technical Lead,3,Low,4,Moderate,50,1,Adequate,16.08,Waterfall,Yes,57,Yes,Formal,High,Yes,Advanced,15,Mid,1,25,41,50,7,6.7,7,3.46,4.99,7.59,6.33,3.18,3.81,8.33,4.33,0
Project_215,AI/ML Project,380758,441679,33,45,239,298,Project Manager,4,Medium,4,Strong,40,8,Insufficient,23.93,Waterfall,Yes,54,No,,Medium,Yes,Advanced,20,Senior,3,26,47,60,4,3.82,8,3.8,6.14,5.67,9.0,4.22,3.81,10.0,4.19,0
Project_216,AI/ML Project,317223,354061,29,39,365,322,Project Manager,4,Medium,4,Strong,35,10,Limited,15.68,Agile,Yes,64,Yes,,Low,Yes,Basic,16,Mid,1,23,20,30,7,7.77,9,3.45,7.02,7.67,6.33,1.97,3.16,8.33,4.48,0
Project_217,Embedded System,175894,237386,18,27,215,178,Technical Lead,3,Medium,2,Weak,50,8,Adequate,20.86,Waterfall,Yes,81,Yes,Ad Hoc,Low,No,Basic,19,Senior,1,49,69,50,10,6.87,9,3.08,5.43,6.64,7.33,3.55,3.57,8.33,4.23,0
Project_218,Embedded System,439846,512623,22,37,183,256,Project Manager,5,Medium,1,Strong,40,4,Limited,22.08,Agile,No,52,Yes,Ad Hoc,Low,No,Intermediate,6,Mid,2,59,57,30,5,2.41,5,4.0,5.57,5.9,8.33,3.85,3.91,9.67,4.2,0
Project_219,Embedded System,445994,524257,30,40,440,513,Project Manager,2,Low,3,Moderate,35,9,Insufficient,25.62,Agile,No,63,No,,High,Yes,Intermediate,15,Mid,2,37,28,30,2,7.47,6,3.4,5.14,4.16,7.33,3.17,3.5,10.0,3.51,0
Project_220,Embedded System,83925,157141,9,23,364,366,Scrum Master,5,High,7,Strong,50,3,Insufficient,22.6,Scrum,No,44,No,,Medium,No,Intermediate,17,Senior,0,65,56,60,10,7.65,4,4.0,5.86,3.3,6.67,4.35,3.85,8.09,3.99,0
Project_221,Data Analytics,55497,113749,13,21,127,108,Project Manager,2,High,5,Weak,35,8,Limited,31.63,Waterfall,No,69,Yes,Formal,Medium,No,Intermediate,13,Junior,0,68,38,50,2,2.8,4,2.95,6.14,5.49,4.67,5.13,3.91,7.89,4.05,0
Project_222,Business System,126015,174706,18,24,136,151,Scrum Master,3,Medium,10,Strong,35,3,Adequate,39.75,Waterfall,Yes,81,No,,High,No,Advanced,5,Senior,3,49,64,60,4,3.0,8,3.6,7.0,4.14,10.0,4.89,4.46,10.0,4.33,0
Project_223,Web/Mobile App,498626,574881,35,42,163,233,Project Manager,1,Medium,6,Moderate,35,7,Limited,32.38,Scrum,No,91,Yes,,Medium,No,Basic,11,Mid,2,31,39,30,10,3.25,8,3.2,6.14,4.89,8.33,1.92,3.42,10.0,3.82,0
Project_224,Business System,215537,257792,15,27,228,230,Technical Lead,1,Medium,2,Moderate,35,1,Limited,27.09,Scrum,No,73,Yes,Ad Hoc,Medium,No,Intermediate,9,Junior,2,46,32,20,4,4.53,6,3.2,4.71,5.54,7.33,2.63,3.64,8.48,3.96,0
Project_225,Business System,318758,412927,23,33,220,255,Project Manager,2,Medium,4,Strong,35,3,Insufficient,28.75,Kanban,Yes,72,Yes,Formal,High,Yes,Advanced,17,Junior,3,50,60,30,8,6.63,9,3.4,5.29,8.15,7.0,2.92,3.42,10.0,4.08,0
Project_226,Web/Mobile App,101850,170182,16,25,233,311,Project Manager,2,High,2,Weak,50,7,Adequate,21.15,Kanban,Yes,72,Yes,,Low,No,Basic,11,Senior,2,37,26,50,6,4.62,4,3.4,5.71,6.28,9.33,3.63,4.09,9.67,4.33,0
Project_227,Data Analytics,422419,476195,36,42,205,160,Project Manager,2,High,3,Moderate,40,9,Adequate,25.83,Scrum,Yes,59,Yes,Ad Hoc,Medium,No,Basic,6,Junior,1,69,75,50,9,4.8,10,2.74,7.0,6.36,6.33,4.15,3.81,8.33,4.33,0
Project_228,Embedded System,327412,396988,8,17,215,289,Technical Lead,2,High,8,Moderate,35,9,Limited,35.57,Scrum,Yes,53,Yes,Formal,Medium,Yes,Intermediate,11,Senior,0,65,26,20,2,7.6,7,3.4,7.14,8.41,7.67,3.18,3.81,10.0,4.56,0
Project_229,Web/Mobile App,350984,437056,17,25,203,155,Technical Lead,3,Medium,2,Strong,50,6,Adequate,38.35,Kanban,No,69,No,Ad Hoc,Medium,No,Basic,13,Senior,2,22,55,30,9,4.72,7,2.89,6.0,3.74,8.33,2.2,3.04,8.33,3.82,0
Project_230,AI/ML Project,353825,399185,39,53,474,494,Project Manager,2,Low,5,Strong,35,7,Limited,18.79,Agile,No,34,Yes,Formal,High,Yes,Intermediate,13,Senior,1,52,21,60,4,5.25,7,3.4,6.09,6.3,7.33,4.22,4.0,9.04,4.29,0
Project_231,Data Analytics,216284,284424,10,16,438,468,Scrum Master,5,High,6,Strong,40,6,Limited,37.98,Waterfall,Yes,55,No,Formal,Medium,Yes,Intermediate,6,Junior,1,35,26,60,6,2.96,3,4.0,7.0,6.56,6.33,4.37,4.16,8.78,4.55,0
Project_232,Web/Mobile App,188979,277035,14,22,360,328,Scrum Master,4,Low,7,Strong,50,7,Limited,16.39,Kanban,Yes,43,Yes,Ad Hoc,Low,No,Advanced,20,Senior,0,60,66,20,8,4.81,3,3.53,6.26,7.16,6.67,3.43,3.64,7.67,4.59,0
Project_233,Web/Mobile App,275225,323428,11,24,392,389,Technical Lead,2,Low,1,Weak,50,8,Limited,26.94,Waterfall,Yes,42,Yes,,Low,Yes,Basic,7,Junior,1,52,55,20,3,6.75,7,3.38,4.43,6.78,6.33,3.28,3.82,8.33,4.11,0
Project_234,Web/Mobile App,403456,438458,28,40,294,356,Project Manager,3,Medium,5,Strong,50,4,Insufficient,19.59,Kanban,No,73,No,Ad Hoc,High,No,Intermediate,4,Junior,3,80,31,50,4,6.55,5,4.0,5.31,3.41,6.0,4.43,4.01,9.78,3.55,0
Project_235,Data Analytics,106960,153680,20,26,381,454,Technical Lead,4,Low,4,Moderate,40,3,Limited,33.88,Kanban,No,86,No,Formal,Low,Yes,Basic,8,Junior,3,31,64,20,3,5.43,6,3.8,5.0,6.45,8.0,3.08,3.78,10.0,4.03,0
Project_236,Business System,66087,111709,23,34,151,135,Project Manager,2,Medium,5,Strong,35,7,Insufficient,17.45,Waterfall,Yes,56,Yes,,Low,No,Basic,20,Mid,1,57,22,50,4,4.78,9,3.08,6.18,5.7,6.33,3.9,3.57,8.33,4.1,0
Project_237,Web/Mobile App,402094,464385,18,32,154,129,Project Manager,4,Medium,7,Moderate,50,3,Adequate,23.65,Agile,No,83,No,Formal,Medium,Yes,Intermediate,15,Senior,2,41,49,20,5,3.41,3,3.31,5.86,6.29,8.33,3.33,3.53,7.67,4.5,0
Project_238,Web/Mobile App,284747,330241,40,54,439,456,Project Manager,3,High,4,Weak,50,6,Adequate,18.43,Agile,Yes,85,No,,Medium,Yes,Intermediate,4,Senior,0,62,64,50,9,2.06,10,3.6,5.97,6.31,5.67,4.37,3.89,8.46,4.23,0
Project_239,AI/ML Project,308804,382129,30,39,173,147,Scrum Master,4,Low,8,Strong,40,3,Limited,27.57,Agile,Yes,80,No,Ad Hoc,Low,Yes,Advanced,20,Junior,1,66,54,60,9,5.87,9,3.35,6.0,7.88,5.33,4.17,3.65,8.33,4.36,0
Project_240,Web/Mobile App,68181,137535,24,30,422,398,Scrum Master,5,Low,6,Strong,40,2,Insufficient,37.38,Agile,Yes,34,No,,Low,No,Advanced,15,Mid,2,38,60,20,2,5.11,4,3.83,5.14,5.42,7.33,3.63,3.53,8.0,4.17,0
Project_241,Embedded System,265768,317534,22,32,408,359,Technical Lead,5,Low,5,Moderate,50,6,Insufficient,18.79,Waterfall,Yes,47,No,,Medium,No,Basic,13,Senior,3,54,44,50,3,3.15,6,3.64,4.8,3.71,9.0,4.38,3.66,8.33,3.97,0
Project_242,Web/Mobile App,461809,513503,39,51,161,146,Project Manager,1,High,10,Strong,50,8,Adequate,25.64,Agile,Yes,31,Yes,Formal,High,No,Basic,10,Senior,0,68,45,60,5,6.98,3,2.92,7.86,6.01,7.67,5.38,4.43,7.67,4.86,0
Project_243,Data Analytics,285815,347718,40,53,121,142,Project Manager,4,High,4,Strong,50,1,Insufficient,23.39,Kanban,Yes,36,Yes,Formal,High,Yes,Intermediate,8,Mid,3,34,75,60,5,5.74,3,3.8,5.14,7.33,9.0,5.32,4.29,9.33,4.55,0
Project_244,Business System,410486,466581,20,34,115,91,Scrum Master,5,Medium,5,Weak,40,3,Insufficient,23.28,Waterfall,Yes,38,Yes,Ad Hoc,High,No,Basic,4,Senior,1,40,49,50,2,4.79,5,3.37,4.71,4.85,6.33,4.4,3.3,8.33,3.73,0
Project_245,Business System,294840,392727,27,32,463,540,Technical Lead,5,High,3,Moderate,50,4,Insufficient,23.95,Agile,No,77,Yes,,Medium,Yes,Intermediate,11,Senior,2,20,77,50,5,5.4,8,4.0,5.0,6.21,9.33,4.03,3.91,10.0,4.19,0
Project_246,Business System,85927,133052,28,33,445,525,Scrum Master,1,Medium,10,Strong,40,9,Insufficient,29.91,Waterfall,Yes,95,No,,High,No,Basic,19,Senior,3,49,64,30,6,4.22,10,3.2,7.14,3.69,9.0,3.3,3.54,10.0,3.89,0
Project_247,Embedded System,160070,227785,40,47,105,130,Technical Lead,2,Low,5,Weak,50,3,Adequate,37.04,Kanban,Yes,45,Yes,,High,No,Basic,7,Mid,0,46,33,20,6,4.6,4,3.4,4.71,4.69,6.67,2.65,3.79,9.67,3.6,0
Project_248,Embedded System,413359,456079,34,41,297,347,Scrum Master,4,Medium,9,Moderate,50,3,Adequate,16.1,Agile,Yes,44,No,,Low,Yes,Intermediate,9,Junior,2,55,56,50,4,3.39,7,3.8,6.42,6.42,7.33,4.43,4.43,10.0,4.34,0
Project_249,AI/ML Project,408953,485711,39,44,454,473,Scrum Master,5,High,5,Moderate,40,5,Limited,33.34,Scrum,No,83,Yes,Formal,Low,Yes,Advanced,10,Senior,2,62,51,30,10,3.91,10,4.0,6.29,8.54,9.33,2.63,3.64,9.03,4.86,0
Project_250,Data Analytics,242084,303310,8,14,276,282,Technical Lead,4,Low,4,Weak,50,10,Limited,16.86,Kanban,Yes,36,Yes,Formal,High,No,Intermediate,6,Mid,0,31,78,30,3,5.9,4,3.8,5.37,6.08,6.67,4.07,4.15,8.36,4.32,0
